,ME units,ME (ATP hydr) Mb,Lynch & Marinov 950b,ME (ATP hydr) 950b
Replication,0.016807404105231676,4400616.84876979,136000,4180.5860063313
Transcription,0.28688808644166874,75114785.0674665,150000,71359.04581409317
UPF,6.987294712590917,1829456033.0096743,4114000,1737983.2313591908
